Datetime,Water Level (m)
2025-02-10 18:00:00,0.28892773
2025-02-10 19:00:00,0.34294418
2025-02-10 20:00:00,0.23659946
2025-02-10 21:00:00,0.051033095
2025-02-10 22:00:00,-0.109319925
2025-02-10 23:00:00,-0.27815807
2025-02-11 00:00:00,-0.44126803
2025-02-11 01:00:00,-0.58529735
2025-02-11 02:00:00,-0.64014
2025-02-11 03:00:00,-0.45316958
2025-02-11 04:00:00,-0.23329422
2025-02-11 05:00:00,-0.06822025
2025-02-11 06:00:00,0.079974346
2025-02-11 07:00:00,0.13964081
2025-02-11 08:00:00,0.043989588
2025-02-11 09:00:00,-0.12436333
2025-02-11 10:00:00,-0.26932546
2025-02-11 11:00:00,-0.42250046
2025-02-11 12:00:00,-0.5699943
2025-02-11 13:00:00,-0.68088603
2025-02-11 14:00:00,-0.66652006
2025-02-11 15:00:00,-0.41905493
2025-02-11 16:00:00,-0.19452767
2025-02-11 17:00:00,0.024544246
2025-02-11 18:00:00,0.22929156
2025-02-11 19:00:00,0.42700303
2025-02-11 20:00:00,0.41518217
2025-02-11 21:00:00,0.19677205
2025-02-11 22:00:00,0.0132856
2025-02-11 23:00:00,-0.17121771
2025-02-12 00:00:00,-0.34673592
2025-02-12 01:00:00,-0.5175658
2025-02-12 02:00:00,-0.6325178
2025-02-12 03:00:00,-0.6001188
2025-02-12 04:00:00,-0.33728865
2025-02-12 05:00:00,-0.14350867
2025-02-12 06:00:00,0.034676842
2025-02-12 07:00:00,0.17145236
2025-02-12 08:00:00,0.18341896
2025-02-12 09:00:00,0.036712777
2025-02-12 10:00:00,-0.12883498
2025-02-12 11:00:00,-0.28241363
2025-02-12 12:00:00,-0.4443838
2025-02-12 13:00:00,-0.59702045
2025-02-12 14:00:00,-0.69352466
2025-02-12 15:00:00,-0.5786294
2025-02-12 16:00:00,-0.30101317
2025-02-12 17:00:00,-0.080586955
2025-02-12 18:00:00,0.14465533
2025-02-12 19:00:00,0.35854927
2025-02-12 20:00:00,0.5064498
2025-02-12 21:00:00,0.35128587
2025-02-12 22:00:00,0.13296649
2025-02-12 23:00:00,-0.050434615
2025-02-13 00:00:00,-0.23842597
2025-02-13 01:00:00,-0.4172997
2025-02-13 02:00:00,-0.5736354
2025-02-13 03:00:00,-0.6579947
2025-02-13 04:00:00,-0.48266977
2025-02-13 05:00:00,-0.22633505
2025-02-13 06:00:00,-0.04298918
2025-02-13 07:00:00,0.14256284
2025-02-13 08:00:00,0.24138944
2025-02-13 09:00:00,0.18357232
2025-02-13 10:00:00,0.00055939384
2025-02-13 11:00:00,-0.1559325
2025-02-13 12:00:00,-0.32049757
2025-02-13 13:00:00,-0.48424095
2025-02-13 14:00:00,-0.6275551
2025-02-13 15:00:00,-0.67724174
2025-02-13 16:00:00,-0.44655386
2025-02-13 17:00:00,-0.19191276
2025-02-13 18:00:00,0.028746549
2025-02-13 19:00:00,0.24573447
2025-02-13 20:00:00,0.4602794
2025-02-13 21:00:00,0.48858628
2025-02-13 22:00:00,0.23475423
2025-02-13 23:00:00,0.04768524
2025-02-14 00:00:00,-0.14495134
2025-02-14 01:00:00,-0.3302746
2025-02-14 02:00:00,-0.49816346
2025-02-14 03:00:00,-0.6352475
2025-02-14 04:00:00,-0.6114179
2025-02-14 05:00:00,-0.3336329
2025-02-14 06:00:00,-0.12064056
2025-02-14 07:00:00,0.0717485
2025-02-14 08:00:00,0.22223826
2025-02-14 09:00:00,0.24371321
2025-02-14 10:00:00,0.09978031
2025-02-14 11:00:00,-0.07248447
2025-02-14 12:00:00,-0.23149303
2025-02-14 13:00:00,-0.39865568
2025-02-14 14:00:00,-0.5591541
2025-02-14 15:00:00,-0.6678549
2025-02-14 16:00:00,-0.5970257
2025-02-14 17:00:00,-0.30736393
2025-02-14 18:00:00,-0.0820472
2025-02-14 19:00:00,0.1441731
2025-02-14 20:00:00,0.3568368
2025-02-14 21:00:00,0.50646526
2025-02-14 22:00:00,0.32994407
2025-02-14 23:00:00,0.114064716
2025-02-15 00:00:00,-0.06949922
2025-02-15 01:00:00,-0.25595778
2025-02-15 02:00:00,-0.43274808
2025-02-15 03:00:00,-0.5872498
2025-02-15 04:00:00,-0.65717995
2025-02-15 05:00:00,-0.45447662
2025-02-15 06:00:00,-0.19882539
2025-02-15 07:00:00,-0.0032948914
2025-02-15 08:00:00,0.18394044
2025-02-15 09:00:00,0.2813446
2025-02-15 10:00:00,0.2216892
2025-02-15 11:00:00,0.043190148
2025-02-15 12:00:00,-0.11323931
2025-02-15 13:00:00,-0.28028277
2025-02-15 14:00:00,-0.4452577
2025-02-15 15:00:00,-0.59123445
2025-02-15 16:00:00,-0.6436492
2025-02-15 17:00:00,-0.4228649
2025-02-15 18:00:00,-0.16986342
2025-02-15 19:00:00,0.04336255
2025-02-15 20:00:00,0.24795087
2025-02-15 21:00:00,0.42693934
2025-02-15 22:00:00,0.4009316
2025-02-15 23:00:00,0.1665093
2025-02-16 00:00:00,-0.007834612
2025-02-16 01:00:00,-0.19381881
2025-02-16 02:00:00,-0.3721093
2025-02-16 03:00:00,-0.53379023
2025-02-16 04:00:00,-0.645662
2025-02-16 05:00:00,-0.5729638
2025-02-16 06:00:00,-0.29853126
2025-02-16 07:00:00,-0.09101343
2025-02-16 08:00:00,0.110522
2025-02-16 09:00:00,0.26392427
2025-02-16 10:00:00,0.29278985
2025-02-16 11:00:00,0.15656962
2025-02-16 12:00:00,-0.019632202
2025-02-16 13:00:00,-0.18270428
2025-02-16 14:00:00,-0.35205024
2025-02-16 15:00:00,-0.5140023
2025-02-16 16:00:00,-0.6109118
2025-02-16 17:00:00,-0.52469873
2025-02-16 18:00:00,-0.25290546
